student_id,name,class,comprehension,attention,focus,retention,assessment_score,engagement_time
S0001,Mason Adams,2,73.86,80.15,87.15,73.09,77.43,99
S0002,Thomas Hood,1,73.92,82.01,73.97,73.95,77.17,58
S0003,Matthew Diaz,5,48.25,44.65,55.26,45.49,41.49,64
S0004,Laura Carpenter,4,68.28,56.34,63.39,68.63,58.39,63
S0005,Justin Mccoy,4,61.66,59.18,78.81,63.89,60.48,77
S0006,Laura Walker,3,59.46,42.11,47.17,59.37,55.72,46
S0007,Sean Townsend,2,66.43,57.02,63.08,65.16,68.27,63
S0008,Ruben Allen,9,54.96,49.29,46.95,57.26,57.16,57
S0009,Kyle Levine,2,59.13,64.26,69.41,57.77,61.78,55
S0010,Amy Brown,10,64.54,68.89,57.46,66.07,65.97,56
S0011,Andrew Noble,7,85.92,73.33,86.13,52.66,80.28,80
S0012,Ronnie Smith,1,67.74,51.11,65.25,69.87,70.78,52
S0013,Deanna King,1,57.9,69.24,64.55,57.68,64.92,67
S0014,Thomas Butler,2,74.07,77.07,76.55,67.98,75.7,79
S0015,Melissa Green,4,68.17,58.73,66.69,67.31,61.26,61
S0016,Charles Vazquez,4,89.13,75.44,76.1,73.44,69.72,75
S0017,Kristen Moore,9,90.31,69.06,73.01,70.32,70.83,82
S0018,Stacy Casey,10,83.85,70.24,88.74,66.3,81.1,101
S0019,Carrie Swanson,1,55.56,60.89,56.07,47.69,55.79,47
S0020,Natasha Gonzalez,9,67.38,87.14,68.47,72.16,77.61,65
S0021,Richard Riley,4,82.73,59.41,73.75,74.35,76.89,54
S0022,Patrick Jackson,9,60.97,59.17,58.8,59.57,56.3,61
S0023,David Collins,7,67.22,87.86,76.72,63.4,77.27,72
S0024,Christine Meyer,4,87.14,71.31,85.58,81.17,85.71,97
S0025,Michael Keller,8,61.52,60.43,61.02,66.93,63.91,63
S0026,Cynthia Walker,10,78.38,89.9,76.15,100.0,88.15,74
S0027,Robert Davis,5,63.15,57.5,65.0,63.08,61.82,52
S0028,Jeffrey Lambert,1,51.28,61.7,56.56,44.89,54.79,62
S0029,Katherine Mitchell,3,62.39,61.63,52.02,64.02,62.74,67
S0030,Lisa Kelly,7,69.52,73.04,84.66,84.65,79.78,117
S0031,Sarah Bray,6,84.79,83.34,80.92,73.19,84.94,74
S0032,Teresa Ferguson,5,63.75,68.29,86.15,52.69,71.7,61
S0033,Brandon Walker,3,73.99,65.79,56.66,59.56,68.12,53
S0034,Christopher Garrison,4,72.53,66.95,89.32,77.24,66.15,79
S0035,Wendy Brooks,6,70.2,57.04,62.46,67.42,68.75,47
S0036,Elizabeth Weiss,2,62.86,61.43,80.78,69.89,62.08,80
S0037,Holly Williams,2,99.48,79.07,87.35,100.0,87.91,87
S0038,Brad Hughes,7,70.33,77.27,51.82,69.55,66.02,52
S0039,Joshua Tate,2,74.88,82.8,87.37,97.85,77.4,96
S0040,Lisa Clark,6,62.25,73.8,71.69,65.3,68.46,68
S0041,Lance Bell,6,76.43,83.82,61.23,88.2,67.07,71
S0042,Benjamin Jackson,10,78.13,70.9,74.22,71.94,71.16,81
S0043,Carol Valdez,5,68.03,80.77,76.03,80.07,78.77,70
S0044,Shane Martinez,1,70.38,69.28,64.23,65.34,73.95,60
S0045,Timothy Harrison,8,73.85,73.73,84.26,82.07,82.14,92
S0046,Roger Robinson,9,75.67,67.73,72.8,69.17,72.15,76
S0047,Steven Miller,2,78.56,53.77,52.1,71.08,68.21,59
S0048,Susan Page,7,76.19,69.11,76.89,70.87,78.4,71
S0049,Lisa Holland,2,59.17,65.05,57.24,55.17,60.57,63
S0050,Gilbert Brandt,9,61.16,66.79,53.35,53.67,55.52,57
S0051,Steven Richardson,5,84.91,79.97,71.83,72.96,73.0,75
S0052,Sarah Mathews,10,69.7,60.5,71.27,79.38,69.18,69
S0053,Paul Davies,6,73.69,78.69,77.0,77.68,72.7,78
S0054,Anthony Lopez,10,86.59,82.65,92.21,68.84,87.82,89
S0055,Calvin Bullock,4,85.43,85.18,87.1,74.91,81.05,78
S0056,Cassandra Fritz,2,74.24,86.51,79.11,66.89,72.56,87
S0057,Rhonda Rodriguez,1,71.45,66.23,53.04,43.09,66.64,58
S0058,Kathleen Harper,4,69.62,77.58,82.42,82.75,75.19,86
S0059,Mary Koch,5,58.18,60.29,63.44,65.02,55.77,46
S0060,Amanda Larsen,2,85.44,76.79,95.19,83.7,91.26,86
S0061,Alex Woodard,4,100.0,88.62,98.38,95.77,100.0,83
S0062,Sue Jackson,2,85.33,62.79,67.39,60.55,68.91,72
S0063,Laura Briggs,7,85.62,98.05,73.98,71.4,82.7,89
S0064,Madison Dodson,5,53.13,68.96,59.24,75.03,64.83,54
S0065,Vanessa Tapia,8,56.39,64.36,72.5,56.98,65.05,63
S0066,Brian Thomas,6,61.22,53.79,57.64,52.49,66.54,56
S0067,Angela Anderson,3,64.71,62.1,61.23,67.92,67.62,56
S0068,Jamie Brown,6,62.04,45.83,52.12,75.18,66.36,46
S0069,Diana Stephens,6,78.26,100.0,84.72,74.74,79.83,76
S0070,Carl Burnett,4,65.98,60.66,66.86,63.38,72.79,72
S0071,Courtney Johnson,5,81.76,70.54,63.03,82.11,77.04,56
S0072,Aaron Barnett,2,61.09,57.03,75.51,83.37,61.14,71
S0073,Alexandria Stewart,10,59.6,58.75,56.58,63.88,55.33,60
S0074,Paul Thomas,3,67.59,62.24,64.88,75.54,69.67,53
S0075,Tina Stewart,9,77.0,57.64,75.34,65.69,72.34,58
S0076,Steven Miller,4,38.93,52.34,54.03,44.72,50.41,36
S0077,Karen Hunt,3,59.65,64.12,69.72,62.46,61.92,76
S0078,Jennifer Abbott,8,70.92,55.19,68.47,75.76,54.99,53
S0079,Edward Lucero,7,74.15,78.74,70.94,76.46,74.18,86
S0080,Teresa Stuart,5,75.25,69.25,68.64,69.08,72.84,64
S0081,Cindy Scott,9,89.5,79.87,70.29,82.51,78.85,54
S0082,Deborah Mason,4,44.95,57.11,60.07,73.33,59.08,56
S0083,Heather Bryant,6,60.6,80.18,84.46,66.47,78.35,85
S0084,Brandi Martinez,1,70.91,84.01,67.3,67.83,70.37,67
S0085,Evan Brooks MD,4,71.45,78.88,74.48,82.14,77.87,87
S0086,Melissa Martin,1,62.74,57.07,61.35,67.92,65.79,49
S0087,Daniel Davis,6,89.54,82.0,93.71,72.51,79.07,70
S0088,Daniel Price,7,90.2,84.52,87.2,75.96,97.41,87
S0089,Bethany Johnson,5,76.9,74.94,72.89,64.77,75.34,92
S0090,Carolyn Byrd,2,96.2,79.36,75.54,82.45,84.35,88
S0091,Claire Fletcher,4,65.31,51.81,49.66,44.98,45.68,58
S0092,Kelly Williams,10,60.41,60.37,68.05,84.09,65.75,49
S0093,Mallory Robles,6,65.36,45.97,67.11,65.7,64.5,75
S0094,Michelle Watson,4,79.11,72.41,100.0,81.74,83.26,85
S0095,Lisa Anderson,8,70.83,67.39,67.61,71.72,66.62,60
S0096,Kristopher Young,7,69.02,83.1,49.86,79.8,76.14,45
S0097,Steve Parker,8,63.6,55.31,60.35,57.69,68.3,67
S0098,Brittany Stephenson,3,88.49,73.68,78.52,86.63,75.81,83
S0099,Scott Silva,5,64.6,73.28,71.15,64.71,74.23,61
S0100,Patricia Kemp,3,80.9,73.68,78.77,66.15,80.23,74
S0101,Alexandra Padilla,4,73.16,59.14,53.51,52.32,63.6,43
S0102,Robert Gonzalez,9,70.89,100.0,89.24,86.77,83.21,98
S0103,Dawn Glass,9,78.45,70.54,70.83,66.71,71.93,73
S0104,Brian Hill,5,42.11,58.84,54.27,51.43,51.29,60
S0105,Justin Horton,10,58.38,66.17,56.78,67.87,53.31,71
S0106,Natalie Sullivan,7,76.77,82.59,88.05,82.84,73.06,72
S0107,Wanda Hall,10,63.96,67.89,57.95,65.25,59.92,56
S0108,Sharon Jackson,7,48.55,45.12,48.13,64.36,46.0,72
S0109,Jesse Robertson,6,76.41,68.07,80.54,70.33,74.75,99
S0110,Mr. Steven Johnson,4,78.23,63.41,68.76,83.21,70.02,84
S0111,Patricia Blankenship,3,72.58,82.14,84.86,82.05,72.08,76
S0112,Danielle Love,9,66.93,72.49,68.95,56.84,68.71,76
S0113,Elizabeth Esparza,8,84.24,82.27,79.27,75.04,72.36,85
S0114,Zachary Tucker,2,74.25,61.86,63.43,80.5,69.5,69
S0115,Troy Esparza,1,70.52,77.79,66.15,71.05,69.04,67
S0116,Latoya Rojas,2,68.69,63.08,76.95,59.75,66.63,65
S0117,Megan Ashley,3,86.04,92.72,72.59,86.61,88.91,83
S0118,Tonya Gonzalez,3,76.52,91.93,99.05,77.75,84.02,110
S0119,Francisco Rivera,7,81.61,82.43,83.54,75.04,76.39,72
S0120,Carrie Lang,10,62.04,64.2,74.73,54.34,69.13,67
S0121,Angela Bowers,2,74.9,60.52,72.56,70.84,72.37,69
S0122,Victoria Bishop,7,89.45,90.31,89.57,90.11,86.64,101
S0123,Angela Cantrell,7,79.64,77.55,87.98,79.79,84.39,84
S0124,Jermaine Ramirez,10,67.22,69.21,49.94,51.74,61.73,62
S0125,Kaitlin Phillips,8,92.67,75.17,70.2,65.55,73.6,72
S0126,Keith Logan,9,83.8,89.74,87.81,97.45,100.0,83
S0127,Derek Rhodes,5,73.46,70.56,79.88,69.78,71.81,81
S0128,Mark Walker,9,87.65,85.15,89.62,90.44,94.99,93
S0129,Ann Sanchez,1,69.5,77.98,61.79,71.28,68.08,70
S0130,Jason Hudson,2,84.31,83.16,71.91,88.75,85.04,99
S0131,Troy Scott,9,68.68,68.92,79.54,66.16,72.34,80
S0132,Glenn Diaz,5,68.29,73.42,80.46,63.65,72.35,69
S0133,Jason Davis,6,69.76,77.48,84.97,94.47,80.11,75
S0134,Joshua Reyes,2,77.23,71.22,92.33,84.8,75.91,88
S0135,Elizabeth Davidson,5,67.93,62.2,79.42,77.64,70.81,89
S0136,Isabel Ramirez,7,47.09,53.76,58.93,61.25,53.35,59
S0137,Jason Miles,3,69.03,56.83,66.42,60.23,65.85,67
S0138,Larry Holmes,8,79.62,85.11,76.05,80.15,79.76,94
S0139,Mr. Robert Diaz,1,77.64,62.91,51.79,64.26,61.42,65
S0140,Mr. Gregory Henry,5,59.9,48.36,59.86,44.08,45.92,61
S0141,Patricia Rivera,9,81.26,70.12,77.48,77.83,71.05,88
S0142,Bryan Henry,3,77.01,78.99,80.44,62.44,74.21,72
S0143,Taylor Armstrong,9,57.73,74.37,65.11,55.41,66.14,83
S0144,Madison Rose,2,79.72,74.07,84.83,82.39,84.6,85
S0145,Amber Wilkinson,5,76.21,91.03,82.08,97.1,82.12,103
S0146,Michelle Taylor,9,66.77,68.11,69.42,75.37,72.1,63
S0147,Susan Reed,10,86.89,83.58,73.25,70.06,79.89,84
S0148,Ryan Waters,4,57.71,46.42,62.97,64.95,55.24,70
S0149,Amanda Nichols,3,46.03,59.54,66.12,71.21,57.17,73
S0150,Lisa Mayo,6,68.23,76.68,74.83,57.0,77.13,89
S0151,Madison Hernandez,3,66.91,67.7,65.83,59.34,61.97,66
S0152,Jamie Moore,9,86.08,78.76,87.9,58.94,85.02,65
S0153,Lauren Carroll,9,57.42,56.02,75.66,62.63,64.4,65
S0154,Erika Black,1,75.38,64.51,82.74,70.82,65.81,69
S0155,Amy Wilson,10,91.81,82.22,82.21,82.43,95.52,86
S0156,Miss Elaine Hudson MD,6,82.54,76.21,72.23,72.73,76.06,73
S0157,Douglas Farrell,8,77.69,83.14,76.63,77.91,68.84,89
S0158,Jocelyn Neal,1,81.45,50.29,90.17,72.35,79.56,59
S0159,Joshua Hanson,2,67.7,71.14,91.44,74.6,76.96,89
S0160,Patrick Rodriguez,6,76.16,77.88,94.18,74.5,81.77,96
S0161,Howard Young,5,90.55,86.17,71.91,94.12,79.78,82
S0162,Christina Bowman,4,61.94,65.09,65.03,65.83,72.35,69
S0163,Michael Quinn,1,75.27,77.07,57.74,72.34,74.26,64
S0164,Anita Garcia,4,82.56,84.76,82.37,83.88,77.85,69
S0165,Abigail Holmes,10,79.17,78.01,68.72,80.83,69.98,89
S0166,John White,2,74.59,98.12,87.95,77.5,71.9,115
S0167,Catherine Estrada,2,42.94,64.28,75.62,67.18,64.11,75
S0168,Diana Harper,8,84.61,80.78,79.37,78.03,77.26,77
S0169,Kimberly Collins,2,52.28,45.16,44.24,54.51,55.9,53
S0170,Renee Phillips,9,46.38,61.82,46.44,52.5,54.23,44
S0171,Dr. Peter Gutierrez,3,60.38,66.24,73.61,58.31,66.94,69
S0172,Jacob Taylor,3,77.32,86.44,76.53,72.09,78.97,86
S0173,Tracey Braun,8,70.81,64.87,65.19,59.27,74.36,52
S0174,Jermaine Santiago,9,57.32,70.23,60.71,73.05,61.18,68
S0175,Richard Carter,3,78.81,52.15,64.13,66.72,68.12,56
S0176,Jessica Myers,5,69.05,67.53,76.41,86.39,71.19,58
S0177,Lisa King,9,89.75,62.69,82.23,82.54,76.9,78
S0178,Samantha Brewer,10,83.25,84.66,81.63,78.17,78.93,70
S0179,Monica Sandoval,7,64.18,72.21,57.89,72.99,70.55,45
S0180,Marcus Campbell,4,83.56,64.06,87.12,77.09,74.76,75
S0181,James Clark,9,76.19,79.89,68.22,76.94,68.2,72
S0182,Jared Cain,4,55.08,70.85,69.69,65.83,59.36,67
S0183,Robert Rodriguez,5,83.26,100.0,85.28,83.67,86.49,93
S0184,David Smith,7,74.14,76.13,62.19,57.83,59.21,74
S0185,Timothy Rogers,6,41.74,62.07,78.91,58.92,63.75,71
S0186,James Oconnell,8,76.36,66.69,71.15,71.58,68.35,78
S0187,Anthony Gutierrez,9,62.2,72.54,61.06,68.48,65.71,77
S0188,Jon Perez,8,74.55,81.29,85.87,79.21,80.05,70
S0189,Jesse Schroeder,2,56.91,54.47,57.85,59.8,59.76,55
S0190,Colin Powell,4,75.38,59.06,67.35,73.71,62.91,69
S0191,James Johnson,4,95.06,83.6,97.23,86.5,89.34,84
S0192,Christopher Reed,2,63.87,68.34,68.26,67.0,68.9,80
S0193,William Mitchell,6,67.62,59.06,86.97,68.56,69.38,61
S0194,Craig Castaneda,1,56.31,58.05,47.37,31.25,46.77,56
S0195,Angelica Rodriguez,10,56.68,55.09,59.85,56.17,52.1,69
S0196,Emily Cannon,9,68.2,60.95,64.87,61.34,63.32,80
S0197,Matthew Riggs,4,43.37,68.05,54.61,50.93,59.06,55
S0198,Sheila Dougherty,10,93.68,84.36,100.0,83.41,94.59,95
S0199,Joshua Higgins,4,95.51,83.27,76.99,86.7,82.67,100
S0200,Angela Taylor,1,68.44,72.84,60.59,63.59,72.61,60
S0201,Katie Wood,2,63.82,69.02,65.28,67.5,62.44,52
S0202,Eric Pena,1,82.43,83.01,95.64,89.46,89.56,110
S0203,Michael Dickerson,4,70.99,64.02,65.71,75.79,71.43,70
S0204,Ryan Zamora,2,77.81,74.01,72.37,64.99,83.22,62
S0205,Kim Allen MD,1,65.57,70.25,74.31,74.67,67.83,70
S0206,Karen Garcia,6,70.84,85.68,76.75,78.7,80.92,92
S0207,Denise Jones,2,61.44,75.01,66.6,67.58,70.28,83
S0208,Sara Drake,9,72.68,83.83,72.14,91.03,81.83,60
S0209,Janice Williams,4,80.58,87.85,82.92,76.43,76.03,83
S0210,Anthony West,5,56.85,66.2,74.85,64.65,59.27,74
S0211,Justin Roberts,8,77.09,80.89,82.08,75.69,82.25,80
S0212,Troy Ford,4,67.1,70.7,79.97,71.21,80.67,71
S0213,Matthew Blair,9,79.71,60.9,58.16,60.04,72.0,54
S0214,Timothy Hayes,3,91.07,97.06,100.0,100.0,100.0,110
S0215,Dustin Haynes,10,84.98,86.47,75.83,73.7,80.79,79
S0216,Brenda Morgan,10,71.04,73.11,66.17,77.29,65.88,67
S0217,Krystal Hamilton,8,47.9,62.17,61.86,74.94,63.52,51
S0218,Matthew Fields,4,98.31,93.2,86.73,80.87,88.79,100
S0219,Samuel Russell,8,100.0,84.94,79.89,89.97,80.36,85
S0220,Joshua Anderson,7,64.8,55.77,72.63,64.26,58.54,35
S0221,Tiffany Johnson,4,83.9,83.01,66.07,64.91,77.77,64
S0222,Pamela Fry,2,79.15,82.83,72.22,71.39,72.39,69
S0223,Nicolas Mcclain,2,70.67,75.04,61.31,79.68,69.87,67
S0224,Martha Hood,7,43.13,69.6,68.42,60.28,59.84,74
S0225,Molly Griffin,6,50.14,60.73,44.34,56.72,45.87,57
S0226,Christopher Velasquez,7,56.72,78.96,63.77,63.16,66.33,82
S0227,Kyle Wilson,7,60.34,63.27,65.39,61.25,60.68,56
S0228,Susan Holmes,8,62.28,47.49,74.35,78.09,52.95,50
S0229,Phillip Alexander,1,92.65,76.36,70.37,74.73,86.3,66
S0230,Alexa Cole,2,58.15,54.38,62.99,75.01,63.4,56
S0231,Joshua Scott,1,54.58,74.15,66.46,65.64,80.62,73
S0232,Taylor Taylor,7,59.07,71.67,63.39,50.98,66.28,60
S0233,Jacob Erickson,6,97.37,85.15,98.98,89.28,97.36,96
S0234,Lucas Garcia,2,56.39,69.78,58.86,58.31,55.96,68
S0235,Brenda Sherman,4,82.08,90.82,100.0,89.99,92.59,84
S0236,Jacob James,4,72.79,82.17,83.78,95.0,85.22,86
S0237,Natalie Lopez,4,69.12,74.65,69.58,73.29,78.04,62
S0238,Amanda Little,9,91.94,80.45,64.42,76.54,85.59,72
S0239,James Morales,8,55.97,66.73,64.38,58.1,59.35,61
S0240,Jose Young,3,73.7,58.2,70.51,72.95,73.87,60
S0241,Justin Sharp,7,73.84,66.81,76.63,64.6,76.87,67
S0242,Jon Johnson,3,74.28,69.94,76.71,68.21,76.94,59
S0243,Donald Reed,5,86.78,63.26,65.84,75.38,74.28,68
S0244,Sarah Morris,8,79.97,83.77,78.17,72.96,82.43,99
S0245,Curtis Washington,4,60.88,77.53,67.71,51.29,69.07,67
S0246,Jacob Stein,2,71.75,70.62,74.77,65.61,73.56,70
S0247,Joe Swanson,8,82.31,69.9,86.08,73.1,82.35,81
S0248,Nicholas White,9,86.59,85.59,88.23,85.96,90.62,70
S0249,Isaac Anderson,2,50.92,67.07,73.15,58.63,61.21,70
S0250,Mrs. Stephanie Rogers DDS,1,74.2,83.53,89.42,85.63,83.57,96
S0251,Joshua Hoffman,9,48.39,37.74,30.0,47.06,47.73,32
S0252,Terry Long,1,92.43,90.05,92.65,85.47,90.87,75
S0253,Cindy Decker,2,60.79,84.91,66.13,68.53,72.46,75
S0254,Wendy Potter,4,81.97,88.51,81.01,76.39,79.19,84
S0255,Dawn Love,3,60.17,54.46,65.04,53.67,62.46,60
S0256,Cassandra Lamb,7,52.95,49.41,57.98,66.15,46.59,54
S0257,Jacqueline Parker,8,73.77,70.1,62.38,65.85,64.44,77
S0258,Gabriela Smith,8,85.42,69.73,64.55,58.1,61.8,51
S0259,Blake Ramsey,4,76.74,60.02,79.83,68.81,72.48,86
S0260,Allison Thompson,7,76.82,71.84,61.75,73.22,70.03,56
S0261,Glenda Lee,1,69.3,66.89,63.49,70.04,69.6,54
S0262,Sabrina Alexander,3,83.32,84.26,89.78,85.98,90.47,89
S0263,Jordan Lang,7,66.77,54.73,64.74,63.61,61.58,58
S0264,Shane Davis,1,46.79,51.92,52.46,42.96,55.05,43
S0265,Paula Simmons,7,83.11,74.52,93.9,70.15,85.66,94
S0266,Taylor Lewis,5,74.43,61.29,65.6,65.38,66.46,71
S0267,Kathy Mathis,8,63.95,88.37,64.63,86.2,80.31,65
S0268,Chelsea Zimmerman,5,57.05,64.17,63.43,72.13,69.99,77
S0269,David Robinson,7,62.7,50.91,57.93,72.1,68.52,42
S0270,Joy Rogers,9,63.86,66.32,57.6,67.47,61.26,61
S0271,Marcia Armstrong,8,75.51,71.97,74.59,74.76,72.39,70
S0272,Robert Wilson,3,90.47,83.62,91.56,83.32,93.47,91
S0273,Lori Palmer,4,72.51,56.36,59.91,59.38,63.41,75
S0274,Raymond Martin,5,97.42,96.32,77.9,87.97,86.44,80
S0275,Sandy Huffman,4,64.54,52.48,74.3,59.74,64.2,84
S0276,Lisa Miller,1,40.56,58.52,69.61,76.47,53.35,69
S0277,Sheila Powell,10,64.5,86.5,53.32,67.38,70.12,80
S0278,James Rocha,9,73.44,67.85,73.13,68.23,74.03,66
S0279,Paul Perry,1,73.54,82.78,73.36,59.59,79.32,69
S0280,Tracy Mccormick,6,58.7,74.46,46.38,88.56,70.81,62
S0281,Steven Ewing,1,71.74,73.62,74.61,73.9,73.81,72
S0282,Amy Mason,1,66.93,77.56,73.24,44.96,70.05,77
S0283,Sarah May,10,66.7,78.81,77.39,63.63,73.82,68
S0284,Jennifer Parks,8,51.19,63.1,63.83,60.31,62.78,68
S0285,Isabel Walter,9,67.04,69.99,69.62,73.1,73.17,73
S0286,Fernando Werner,9,80.49,73.65,79.4,74.74,73.98,75
S0287,Peter Thompson,3,59.61,46.93,63.78,62.09,53.89,61
S0288,Ronnie Gonzalez,1,66.52,73.27,73.22,71.86,75.1,71
S0289,Benjamin Herrera,9,51.32,72.44,57.44,67.83,62.82,78
S0290,John Ingram,2,32.76,58.38,71.32,66.82,56.66,59
S0291,Melissa Taylor,3,70.28,81.88,82.11,86.55,93.19,85
S0292,Michael Livingston,2,64.71,50.76,59.35,61.64,56.65,56
S0293,Lisa Foster,10,70.74,61.78,61.7,59.15,64.7,69
S0294,Daniel Hansen,2,56.06,58.9,50.56,54.77,52.76,63
S0295,Carrie Jackson,4,74.17,79.43,71.53,75.75,74.63,78
S0296,Chelsea Perkins MD,7,44.66,63.1,75.55,71.58,67.21,81
S0297,Amanda Lane,2,72.47,65.95,68.36,75.81,76.5,65
S0298,Sarah Bennett,10,65.5,70.31,53.95,47.13,57.39,49
S0299,Kimberly Watson,4,63.74,61.29,76.54,67.53,68.59,75
S0300,Richard Villanueva,10,66.92,58.01,63.98,50.04,52.81,69
S0301,Jessica Jones,10,66.55,66.81,82.77,64.25,78.42,65
S0302,Michelle Henderson,1,73.75,81.21,72.03,75.08,75.66,66
S0303,Christian Turner,10,73.3,75.58,69.45,56.91,68.68,96
S0304,Barbara Oliver,2,77.69,75.74,78.03,82.22,72.29,88
S0305,Edward Alexander,7,82.9,80.66,77.31,82.54,83.83,75
S0306,Philip Roberts,10,65.08,76.66,54.35,52.52,63.6,66
S0307,David Wilson,10,73.69,69.95,83.65,58.93,68.15,75
S0308,Marissa Mccoy,9,52.16,66.86,53.74,55.41,50.58,54
S0309,Kaitlin Erickson,6,63.71,76.5,70.71,57.36,68.62,78
S0310,Leah Patterson,5,94.05,73.28,74.91,71.34,78.36,78
S0311,Kim Harrell,4,79.27,77.31,81.09,73.19,88.47,63
S0312,Cindy Walsh,6,88.04,71.9,70.33,68.99,74.86,84
S0313,John Nelson,4,60.15,36.49,45.75,44.45,50.44,25
S0314,Lisa Williams,5,90.82,63.72,76.14,69.33,78.2,70
S0315,Mr. Earl Wise,7,67.49,78.02,62.06,69.34,62.67,60
S0316,Dr. Spencer Rodriguez,3,86.6,77.57,72.22,74.72,72.12,80
S0317,Krystal Valentine,5,75.21,75.06,80.95,75.33,76.3,99
S0318,Ryan Taylor,8,64.66,62.35,73.48,66.08,63.33,81
S0319,Marie Murphy,6,79.39,69.26,92.26,78.72,83.89,61
S0320,David Vazquez,2,69.24,84.77,79.04,71.29,73.95,88
S0321,Janice Stewart,1,75.73,86.87,58.55,84.0,76.4,63
S0322,Mr. Charles Dyer,8,55.18,64.07,55.68,68.79,52.99,59
S0323,Sean Day,10,60.39,64.57,54.11,36.64,56.11,63
S0324,Olivia Terry,10,83.93,65.47,79.48,83.58,69.24,75
S0325,Steve Vaughan MD,2,64.31,67.74,61.06,59.55,63.57,53
S0326,David Banks,2,64.58,49.95,64.47,62.84,51.92,50
S0327,Jason Miller,9,74.09,78.23,85.64,88.21,79.58,75
S0328,John Nelson,4,98.13,92.05,84.91,77.76,85.08,93
S0329,Jennifer Melendez,9,85.4,79.39,62.16,82.6,72.54,66
S0330,Leonard Rich,5,88.47,97.38,77.36,71.04,87.1,96
S0331,Kyle Preston,3,81.16,68.63,70.78,72.12,75.73,78
S0332,Daniel Davis,6,59.36,55.03,67.34,70.06,64.7,77
S0333,Cindy Gill,2,75.29,61.21,66.85,75.51,73.95,61
S0334,Carolyn Miller,4,57.14,66.43,76.41,73.89,70.13,71
S0335,Nicole Shaw,6,64.79,75.66,73.44,74.01,68.88,53
S0336,Michele Rangel,5,77.14,74.07,86.52,77.84,84.16,86
S0337,Jonathan David,3,65.91,86.53,78.93,73.88,76.63,64
S0338,Stephanie Buchanan,8,65.85,63.27,61.91,82.99,64.5,77
S0339,Kelly Salazar,9,50.98,55.71,74.53,63.39,57.79,66
S0340,Sue Williams,5,83.96,86.61,72.14,64.41,75.69,81
S0341,Eduardo Huynh,10,52.71,63.11,59.97,60.62,54.92,59
S0342,Daniel Bryant,9,67.88,69.04,45.99,53.32,52.3,51
S0343,Kristen Thomas,1,57.57,61.79,61.13,70.82,62.51,54
S0344,James Golden,9,67.39,69.59,85.16,82.49,68.91,85
S0345,Barbara Murphy,5,68.93,84.66,90.42,69.13,73.69,97
S0346,Brenda Hawkins,2,77.13,75.44,75.84,62.1,78.62,87
S0347,Laura Wood,3,67.36,55.46,71.82,72.28,66.17,74
S0348,Jamie Pierce,5,71.18,58.5,66.47,65.26,66.78,58
S0349,Mark Smith,2,75.29,65.19,55.83,82.68,76.29,47
S0350,Christy Burton,2,72.87,79.0,79.25,75.02,72.51,72
S0351,Matthew Mendoza,9,54.18,60.3,55.11,66.29,65.8,51
S0352,Pamela Wallace,3,76.39,76.17,73.0,78.34,78.29,62
S0353,Micheal Smith,5,85.79,72.59,79.0,84.16,79.42,86
S0354,Emily Thomas,5,87.35,82.59,96.07,99.41,89.6,103
S0355,Lauren Morales,10,62.16,51.77,70.37,72.55,59.86,55
S0356,Michelle Thompson,4,75.5,78.23,78.8,63.24,74.49,71
S0357,Melissa Murray,6,76.62,55.02,71.57,62.84,65.8,71
S0358,James Jones,4,77.97,81.15,70.75,68.5,69.64,67
S0359,Robert Schroeder,5,100.0,88.68,88.91,100.0,97.13,94
S0360,Scott Kane,9,66.45,70.07,68.14,49.7,63.28,60
S0361,John Schmidt,8,95.63,74.69,69.24,79.13,82.91,76
S0362,Danielle Pitts,5,92.52,67.02,79.86,68.66,80.99,64
S0363,Jonathon Nunez,1,63.47,73.63,73.17,55.86,67.19,66
S0364,Christopher Solis,2,55.68,54.95,76.83,60.88,54.94,60
S0365,Jessica Ray,7,96.92,67.53,65.17,95.18,83.24,57
S0366,David Guerrero,5,54.26,75.37,77.97,82.74,66.09,77
S0367,Adriana Johnson,1,62.79,53.58,57.48,52.78,60.41,64
S0368,Julia Clay,1,67.96,56.07,65.26,67.25,77.27,49
S0369,Carly Stanley,6,92.62,86.89,98.71,87.62,93.65,92
S0370,William Clay,3,91.01,77.23,71.68,80.61,76.65,73
S0371,John Allen,5,78.72,82.03,82.84,89.16,71.43,76
S0372,Mr. Ronnie Johnston,3,81.71,68.18,57.1,77.07,68.07,50
S0373,Dennis Boyd,8,62.28,58.92,46.11,70.93,65.5,59
S0374,Michelle Johns,9,57.01,58.57,63.41,63.97,56.72,61
S0375,Natasha Beck,7,86.22,80.21,80.89,75.24,88.24,84
S0376,Nicholas Ellis,9,72.62,66.97,57.84,57.55,65.98,67
S0377,Christopher Lynch,1,74.46,85.57,80.55,73.5,83.27,72
S0378,Shannon Stevens,2,88.45,72.23,67.2,68.76,69.7,61
S0379,Mary Fisher,2,55.05,66.42,73.51,59.03,70.9,75
S0380,Michael Chang,3,75.04,87.14,71.57,87.43,80.54,84
S0381,Mr. Mark Craig PhD,9,51.08,63.02,50.66,61.95,49.3,65
S0382,Mr. Jason Bell II,1,62.09,62.68,52.1,62.33,61.09,52
S0383,Paul Scott,6,44.21,62.71,47.4,60.68,51.61,61
S0384,Michael Brown,10,64.34,72.83,69.66,69.51,71.17,55
S0385,Allison Obrien DDS,9,82.47,69.43,75.62,77.25,75.78,75
S0386,Denise Espinoza,3,92.97,73.82,89.29,94.95,89.59,92
S0387,Courtney Washington,7,98.31,92.12,98.48,91.28,95.52,91
S0388,Clayton Holt,3,79.09,97.89,89.63,74.44,87.33,72
S0389,Michele Hardy,1,83.34,71.52,77.24,91.89,78.04,63
S0390,Felicia Roach,5,100.0,84.85,92.91,95.55,89.84,84
S0391,Hannah Cook,6,95.79,86.81,75.27,98.21,86.24,77
S0392,Darrell Padilla,1,85.86,80.26,76.74,77.13,80.65,84
S0393,Meagan Leon DDS,6,42.33,46.63,35.5,47.79,41.77,58
S0394,Cassandra Boyer,4,82.0,84.52,85.14,82.12,84.42,77
S0395,Travis Duffy,4,63.68,63.73,52.26,65.86,58.11,60
S0396,Sara Martinez,2,77.93,81.84,74.07,76.63,76.66,70
S0397,Jesse Davis,6,55.84,64.3,65.95,66.18,61.35,64
S0398,Michael Johnson,9,81.79,69.6,65.17,66.46,69.08,63
S0399,Ryan Lamb,7,51.93,58.65,63.75,67.06,56.8,57
S0400,Nicole Boone,10,60.48,53.95,65.32,46.45,55.45,62
S0401,Michael Morris,3,93.38,74.64,63.81,71.07,67.96,68
S0402,Jennifer Morgan,4,68.99,57.27,60.74,56.58,70.21,55
S0403,Benjamin Henry,3,94.84,92.18,91.28,91.48,82.97,88
S0404,Richard Hernandez,3,78.06,67.21,78.03,92.08,84.38,72
S0405,Michael Koch,7,76.58,65.88,72.12,92.02,74.51,66
S0406,Rhonda Brooks,1,82.23,80.01,84.75,65.73,80.48,67
S0407,Garrett Hughes,3,75.43,86.5,75.99,80.06,75.08,75
S0408,Dawn Tran,6,60.22,71.28,55.77,66.37,69.19,58
S0409,Julie Hill,7,60.98,72.26,64.37,58.57,66.58,57
S0410,Jonathan Baker,4,80.08,74.35,70.1,69.72,76.76,84
S0411,Mario Singleton,5,67.29,46.93,58.95,63.38,54.79,43
S0412,Russell Espinoza,3,65.66,61.82,45.42,46.36,52.74,58
S0413,Kelsey Simon,2,38.53,38.31,53.63,39.44,44.35,47
S0414,William Eaton,7,54.84,50.42,52.76,80.1,47.85,68
S0415,Christopher Rowe Jr.,1,69.42,66.76,63.73,62.57,67.61,50
S0416,Ashley Franco,8,74.18,68.47,73.91,87.56,72.68,74
S0417,Paul Washington,4,68.75,68.17,77.48,61.29,72.64,73
S0418,Jared Allen,4,77.21,88.92,81.4,82.45,82.69,87
S0419,James Aguirre,8,70.56,81.46,76.72,75.79,73.59,70
S0420,Jonathan Sims,6,86.56,91.33,74.72,77.72,74.83,79
S0421,Justin Ramos,5,76.23,85.09,78.44,82.56,74.53,82
S0422,Teresa Charles,4,38.59,30.0,49.74,46.31,43.11,55
S0423,Sheri Williams,4,74.49,67.97,58.62,69.6,62.38,55
S0424,Ryan Shaffer,1,59.68,55.46,73.7,61.84,64.33,58
S0425,Amber Stone,4,53.95,36.5,51.24,40.85,56.23,52
S0426,Justin Brown,7,81.17,64.29,75.41,72.66,75.12,82
S0427,John Kelley,6,79.63,64.09,69.64,76.34,73.06,55
S0428,Devin Lyons,5,100.0,98.93,94.69,92.42,92.13,97
S0429,Clarence Ray,2,62.64,75.25,71.34,57.32,62.6,69
S0430,Charles Knight,5,93.33,78.19,92.77,76.5,91.45,80
S0431,Elizabeth Scott,6,79.67,58.77,57.89,64.39,71.14,43
S0432,Hunter Sanders,9,38.07,46.09,51.28,37.97,41.3,60
S0433,Christopher Brown,7,48.19,52.83,54.9,47.22,51.01,28
S0434,Brett Bailey,9,67.05,55.56,63.89,66.99,61.66,61
S0435,Michael Stout,6,58.72,65.25,61.63,55.68,61.59,70
S0436,Michelle Cooper,1,58.77,46.81,52.9,59.08,47.52,42
S0437,Joshua Brown MD,2,60.84,80.99,60.26,62.67,67.12,58
S0438,Susan Morris,5,68.58,63.38,65.3,61.81,57.53,67
S0439,Matthew Cannon,3,87.7,89.35,93.09,77.39,95.91,93
S0440,Thomas Lee,10,80.45,100.0,92.52,90.74,91.58,93
S0441,Joseph Wilkinson,5,83.13,66.27,73.07,80.52,77.43,69
S0442,Anne Jones,1,66.58,83.34,67.65,88.27,74.9,79
S0443,Sean Middleton,2,71.6,69.69,66.03,60.33,70.37,60
S0444,Angelica Stewart,10,91.75,87.12,72.72,81.45,77.31,85
S0445,Sherri Aguilar,7,59.55,65.21,72.24,72.1,60.6,72
S0446,Anna Smith,6,70.96,66.47,80.9,85.76,72.87,67
S0447,Sean Mckay,6,72.05,73.8,80.83,59.64,78.79,78
S0448,Angela Robinson,7,65.17,65.58,52.04,77.84,64.73,63
S0449,Crystal Alexander MD,10,71.35,83.3,77.37,86.29,68.2,79
S0450,Antonio Arellano,9,67.43,67.73,58.31,58.27,62.84,54
S0451,Valerie Anderson,2,75.47,55.16,75.42,70.11,61.15,52
S0452,Heather Thomas,7,81.72,73.6,66.24,74.74,72.13,62
S0453,Mark Walker,10,44.44,55.34,59.72,57.68,51.55,48
S0454,Rebecca Cross,4,65.55,82.29,68.06,70.06,63.93,70
S0455,Daniel Brown,5,83.88,87.58,83.93,70.92,80.57,77
S0456,Alexander Miller,1,73.73,90.46,90.45,97.94,84.89,97
S0457,Sarah Crawford,7,87.88,80.54,77.78,98.52,76.23,75
S0458,Carlos Bell,1,75.85,77.78,76.15,84.6,73.4,70
S0459,Juan Johnson,9,68.91,69.48,65.88,71.74,62.97,84
S0460,Donald Rogers,9,91.12,99.49,71.98,81.04,82.73,92
S0461,Tiffany Davis,4,65.56,70.46,65.06,61.77,60.96,59
S0462,John Pruitt,6,88.73,82.18,79.15,66.29,74.86,99
S0463,Hannah Martin,7,58.71,65.25,47.16,58.67,62.14,56
S0464,Robert Vaughn,2,85.34,100.0,97.3,100.0,97.13,91
S0465,Madison Ruiz,6,57.43,77.12,74.68,77.4,75.95,79
S0466,Manuel Wong,10,64.43,65.78,80.97,82.97,71.42,73
S0467,Anne Gonzales,6,70.34,66.28,76.48,53.93,65.69,73
S0468,Alex Warren,2,74.74,69.48,83.52,82.23,72.54,90
S0469,Cynthia Cummings,5,82.78,82.34,86.13,74.81,82.06,62
S0470,Megan Watson,9,66.27,90.79,76.12,77.07,73.89,80
S0471,Laura Anderson,5,64.28,94.4,86.89,74.53,74.14,107
S0472,Matthew Carrillo,7,51.32,69.64,63.25,53.04,60.31,56
S0473,Joseph Rodriguez,6,89.5,85.26,83.9,95.1,88.16,72
S0474,Amber Frye,7,91.18,66.38,71.6,77.83,77.15,59
S0475,Lindsay Rivera,5,99.78,82.79,73.99,68.83,84.18,89
S0476,Brian Horton,9,74.73,70.04,66.01,81.43,77.29,52
S0477,Brian Horne,3,90.49,97.1,75.16,74.97,84.46,91
S0478,Sydney Vang,4,93.61,86.02,79.75,97.8,84.26,99
S0479,Theodore Nielsen,7,79.88,72.59,66.06,63.0,69.52,73
S0480,Lauren Cochran,7,66.02,69.45,71.4,53.74,68.06,60
S0481,Kenneth Jacobs,3,44.97,44.12,47.62,52.79,56.75,40
S0482,Michael Duke,10,74.98,72.83,71.16,62.22,78.19,90
S0483,William Leonard,10,44.98,50.93,45.46,57.22,45.4,69
S0484,Virginia Roy,5,83.61,90.12,90.75,77.39,81.7,91
S0485,Theresa Welch,7,79.73,66.0,72.19,78.02,73.69,88
S0486,Brian Smith,9,60.18,68.05,74.31,52.9,66.68,76
S0487,Ashley Russell,1,71.16,75.44,51.7,77.41,69.25,61
S0488,Erin Cain,5,85.07,87.24,100.0,83.81,86.34,92
S0489,Peter Robinson,5,80.07,68.07,74.15,73.55,73.9,75
S0490,Jason Oconnell,4,59.97,82.69,76.2,85.26,76.99,90
S0491,Stephanie Stevens,7,85.44,78.84,73.88,92.84,86.83,82
S0492,Kevin Lopez,10,46.93,59.58,58.4,52.32,54.74,74
S0493,Michael Mullins,10,67.83,76.06,70.51,73.85,69.69,68
S0494,Jimmy Smith,6,56.43,52.96,34.01,73.87,58.89,39
S0495,Michelle Melton,8,60.81,83.75,85.37,71.44,79.93,86
S0496,Ashley Jones,8,53.34,57.69,53.0,54.88,54.19,54
S0497,Michael Lopez,8,62.04,64.79,60.25,78.35,55.01,74
S0498,Dana Barrera,4,81.45,63.04,80.97,83.35,72.05,66
S0499,Anne Flores,9,90.62,77.91,72.52,82.69,80.26,80
S0500,Donna Avila,8,68.74,80.13,71.17,64.26,70.38,72
S0501,Christina Morris DVM,3,76.79,82.17,82.22,77.79,72.83,85
S0502,Joy Baker,2,73.39,65.12,79.16,62.38,79.12,54
S0503,Mark Cummings,5,78.15,67.98,77.74,84.58,65.71,77
S0504,Anthony Murphy,9,37.34,58.1,40.41,35.68,41.98,69
S0505,Linda Blair,10,43.27,63.66,66.54,50.86,49.51,86
S0506,Rachel Francis,6,91.38,79.45,85.55,84.66,87.25,97
S0507,Angela Valdez,2,70.18,89.81,81.3,84.29,88.02,74
S0508,Phillip Ford,4,65.39,57.1,72.42,89.73,60.74,64
S0509,Doris Aguilar,5,77.39,75.5,66.01,78.27,70.46,48
S0510,Anna Coleman,4,89.61,82.36,83.78,90.54,87.65,92
S0511,James Miller,4,77.52,69.59,68.58,56.86,70.61,60
S0512,Peter Santos,3,57.09,55.09,80.62,74.27,75.51,55
S0513,Michelle Luna,1,60.36,65.15,63.37,80.63,64.38,74
S0514,Tyler Mitchell,1,94.47,64.21,86.12,85.21,78.1,85
S0515,Gwendolyn Lee,4,71.54,66.77,67.61,89.76,73.01,75
S0516,Denise King,8,55.85,70.75,51.29,58.77,59.19,62
S0517,Linda Perry DDS,10,71.38,73.75,74.09,60.32,69.02,85
S0518,Peter Watkins,2,67.96,81.76,63.12,79.32,81.96,62
S0519,Stephen Sims,8,67.77,49.31,56.59,66.43,56.92,50
S0520,Franklin Hogan,7,80.81,79.58,74.73,80.4,78.28,81
S0521,Thomas Johnson PhD,10,63.57,57.11,64.75,58.54,55.67,63
S0522,Katherine Martin,4,78.39,68.68,75.39,76.53,77.07,63
S0523,Nathan Boone,7,74.41,71.55,54.8,72.78,79.53,59
S0524,Robert Wilson,8,65.71,65.22,72.26,52.66,68.27,74
S0525,Robert Thompson,7,71.29,76.81,75.56,59.43,75.47,75
S0526,Maria Smith,4,71.31,69.53,80.26,70.06,67.26,70
S0527,Stephanie Jarvis,3,81.62,76.61,64.98,91.67,79.54,83
S0528,Michael Martinez,1,72.75,75.2,78.23,76.94,79.93,73
S0529,Andrew Bailey,2,66.94,71.75,62.5,72.8,75.47,57
S0530,Laura Hawkins,7,60.51,64.09,57.43,72.45,65.14,61
S0531,Teresa Phillips,4,45.11,57.89,38.58,63.74,49.61,80
S0532,Brandon Martinez,3,91.63,92.23,100.0,100.0,87.36,78
S0533,Laurie Williams,9,68.44,67.75,72.34,54.18,54.81,78
S0534,Courtney Aguilar,8,45.57,62.88,68.06,60.74,56.27,63
S0535,Elizabeth Summers,1,55.51,60.58,70.46,68.87,64.03,55
S0536,Brian Mcgrath,9,50.77,69.61,79.62,56.39,60.89,77
S0537,Ronald Williams,4,78.94,76.99,66.78,83.36,86.51,74
S0538,Kimberly Turner,2,72.35,69.69,63.27,76.36,71.35,66
S0539,Patricia White,8,70.67,65.56,55.82,68.26,62.71,52
S0540,Tammy Black,3,48.23,66.18,47.75,52.58,43.09,56
S0541,Tara Haas,8,65.88,60.16,59.12,72.21,61.27,62
S0542,Michelle Patterson,9,62.6,71.57,65.84,57.85,65.99,66
S0543,Kristen Munoz,9,67.47,68.76,71.78,62.13,62.72,56
S0544,Austin Solis,10,44.26,55.27,46.85,58.11,50.6,31
S0545,Cheryl Thomas,6,83.04,68.6,79.91,69.7,76.47,61
S0546,Daniel Jones,8,49.01,51.08,48.89,42.6,46.21,52
S0547,Robert Bond,10,71.01,64.19,78.92,60.14,71.55,83
S0548,Kelsey Bailey,9,73.19,70.58,83.1,63.43,68.21,72
S0549,Jillian Gibson DDS,7,85.41,74.63,79.89,77.46,76.2,87
S0550,Jennifer Flores,9,69.15,62.91,65.01,52.58,62.49,49
S0551,Zachary Harris,8,68.7,75.12,55.9,61.83,64.97,51
S0552,Matthew Gilbert,3,70.12,74.35,72.3,69.6,71.58,71
S0553,Heidi Rangel,8,60.45,68.84,79.51,67.4,73.68,60
S0554,Dustin Rosales,8,62.8,59.76,65.66,81.11,71.17,65
S0555,Nicholas Charles,5,53.1,57.09,56.08,39.92,47.75,55
S0556,Daniel Tucker,4,57.79,74.07,76.51,82.16,74.88,81
S0557,Dustin Brown,5,46.74,58.86,70.01,73.15,64.42,68
S0558,Jared Davis,9,69.35,72.76,87.15,66.26,82.11,76
S0559,Phillip Wu,8,72.0,87.94,77.36,71.93,78.4,92
S0560,Melissa Orozco,4,49.56,60.82,60.85,65.94,63.22,60
S0561,Jonathan Hickman,5,90.35,85.78,75.66,86.45,83.08,90
S0562,Danielle Lopez,8,65.19,76.0,80.0,86.85,80.36,85
S0563,Linda Dennis,2,73.71,80.6,59.94,67.81,66.94,74
S0564,Meghan Whitaker,5,77.53,63.18,79.0,89.61,79.41,75
S0565,Casey Davis,4,56.97,71.32,60.53,84.67,69.84,60
S0566,Kimberly Wall,5,63.14,61.97,72.82,65.38,62.06,86
S0567,Frank Mitchell,6,76.64,65.63,73.4,72.98,62.9,89
S0568,Alyssa Sullivan,6,79.73,74.09,85.69,83.6,82.36,81
S0569,Daniel Nichols,9,86.64,79.61,66.67,85.96,87.96,104
S0570,Mr. Bobby Norton,2,60.71,42.11,63.19,54.38,65.03,44
S0571,John Peterson,3,49.34,37.3,59.12,36.59,46.37,27
S0572,Kendra Johnston,3,79.94,69.68,59.89,66.55,69.78,69
S0573,Steven Ray,4,61.07,34.7,51.29,52.43,53.47,43
S0574,Jessica Carlson,7,48.06,57.53,55.31,51.31,50.49,63
S0575,Maria Rodriguez,3,64.12,82.18,53.43,50.01,67.06,61
S0576,Rebecca Ali,4,60.57,64.74,79.61,73.23,73.21,58
S0577,Mario Barnes,2,35.78,52.01,66.14,62.62,51.69,58
S0578,Mr. David Fleming DDS,7,64.75,69.24,50.18,65.51,67.04,55
S0579,Jorge Hodges,7,99.52,76.17,80.15,71.1,84.07,82
S0580,Katherine Horn,6,63.79,73.6,83.65,75.54,78.37,76
S0581,Cynthia Johnson,9,79.73,69.89,80.05,69.57,72.15,76
S0582,Monica Collins,8,63.46,81.4,77.55,67.33,64.55,78
S0583,Sheila Todd MD,7,66.45,62.64,49.48,62.43,58.92,62
S0584,Elizabeth Hart,1,76.45,47.72,73.51,61.22,69.78,61
S0585,Rachel Wright,4,78.3,72.61,92.76,80.49,82.04,95
S0586,Anita Green,7,64.44,54.96,58.62,60.26,52.28,49
S0587,Jeremy Stanley,7,90.6,83.01,85.46,81.16,92.31,82
S0588,Roberta Daniel,10,81.49,66.1,84.79,60.07,82.33,71
S0589,Katherine Marshall,1,52.45,63.93,59.25,62.71,58.39,71
S0590,Sheila Ray,10,74.54,63.31,65.03,86.47,68.06,80
S0591,William Thompson,7,67.59,76.13,77.74,66.68,70.14,76
S0592,David Hall,8,80.51,73.41,78.33,86.49,81.29,78
S0593,Alfred Carter,1,33.77,57.92,54.05,50.69,49.48,55
S0594,Shannon Harris,6,81.97,75.3,89.2,79.54,84.26,77
S0595,Robert Peterson,5,64.18,63.6,67.34,61.35,55.08,61
S0596,Samuel Sweeney,7,75.56,75.97,85.83,72.24,69.85,79
S0597,Latoya Riggs,7,57.43,63.76,69.09,65.08,64.99,84
S0598,Michelle Stewart,9,68.8,62.5,59.8,61.89,61.2,64
S0599,Laura Pierce,9,87.76,90.16,92.99,96.66,92.76,104
S0600,Mr. Douglas Paul,10,30.0,41.77,54.51,33.21,40.0,53
S0601,Christopher Diaz,4,63.71,64.55,64.68,73.32,62.95,69
S0602,Zachary Hernandez,8,34.6,32.45,39.4,37.15,40.0,20
S0603,Jason Davidson,4,74.92,85.31,66.6,73.05,66.04,52
S0604,Troy Gray,5,78.4,87.88,67.46,82.61,88.22,81
S0605,Christopher Cameron,7,72.83,60.2,83.61,67.88,73.9,56
S0606,Margaret Dodson,8,69.69,55.43,69.83,57.58,54.53,71
S0607,Adam Roman,1,69.69,64.3,51.76,65.42,73.99,62
S0608,Susan Elliott,7,78.03,71.11,71.1,60.69,72.27,81
S0609,Daniel Wood,6,73.04,60.91,54.54,69.62,63.26,65
S0610,Brianna Oliver,7,66.6,71.03,69.41,51.12,59.71,79
S0611,Marilyn Miller,3,64.49,57.81,60.04,52.5,58.8,52
S0612,Trevor Lane,8,59.79,63.25,77.08,48.24,68.46,79
S0613,Victoria Clay,3,63.83,58.55,63.69,74.28,67.6,66
S0614,Cheryl Jackson,10,53.82,64.03,75.35,53.48,56.41,70
S0615,James Webb,9,53.81,56.76,49.23,52.36,56.63,39
S0616,Tammy Oliver,1,48.98,59.88,52.45,50.3,53.06,38
S0617,Gary Day,7,78.01,71.67,82.99,65.93,80.9,78
S0618,Steven Gross,10,66.48,65.78,76.4,58.02,63.28,81
S0619,Mark West,10,71.25,77.64,60.83,69.5,64.12,76
S0620,Andrew Murphy,1,75.78,66.83,58.71,76.02,59.0,59
S0621,Jessica Rodriguez,2,80.95,95.0,87.61,74.18,84.91,90
S0622,Darrell King,7,46.66,49.69,37.89,54.56,45.56,27
S0623,Christopher Rollins Jr.,3,79.77,75.86,71.45,78.77,79.91,76
S0624,Cody Hall,8,63.97,71.32,56.98,78.54,64.34,64
S0625,Mary Thompson,3,65.06,49.34,58.91,54.54,58.16,64
S0626,Bill Cooper,1,57.49,92.8,78.82,70.25,74.99,87
S0627,David Page,5,64.91,58.47,60.1,57.84,53.52,60
S0628,Brian Decker,7,79.97,82.41,78.45,71.59,82.72,66
S0629,Adam Owens,6,53.28,69.63,68.54,64.89,68.86,60
S0630,Sandra Snyder,4,72.48,80.26,72.56,70.41,76.74,85
S0631,Charles Martin,8,62.83,54.85,43.33,64.92,59.42,51
S0632,Mr. Isaac Arnold,6,47.7,32.76,61.46,41.82,52.5,56
S0633,Valerie Thompson,6,51.93,63.8,54.24,61.81,55.04,41
S0634,Samantha Ellison,7,49.51,43.2,43.27,53.26,52.99,40
S0635,Cody Cain,5,70.6,55.74,68.38,71.01,69.81,42
S0636,Angela Miller,7,55.36,63.19,66.23,74.36,61.36,59
S0637,Brian Cortez,5,83.87,91.64,83.81,72.24,76.8,72
S0638,Nicole Smith,2,86.13,91.42,83.37,85.92,83.82,75
S0639,James Thompson,8,81.84,79.36,81.6,81.09,87.43,93
S0640,Nathaniel Jackson,1,82.21,79.55,71.75,81.49,71.82,86
S0641,Denise Richardson,9,60.34,51.29,62.48,57.78,50.13,61
S0642,James Cruz,1,71.27,64.23,67.38,56.56,62.65,61
S0643,James Leblanc,6,91.99,72.13,87.18,61.21,73.69,70
S0644,Alexander Johnson,4,43.81,59.78,54.76,59.51,57.13,59
S0645,Sheryl Li,2,76.02,67.08,85.04,71.86,70.53,74
S0646,Caleb Mcguire,1,57.53,63.62,63.66,53.69,57.38,74
S0647,Amanda Long,1,91.56,84.41,84.12,63.86,86.19,83
S0648,Jennifer Burns,4,65.83,72.05,68.5,57.46,70.09,63
S0649,Jacob Cook,4,69.74,70.42,78.3,63.85,80.6,56
S0650,Johnathan Sutton,1,66.99,68.7,63.22,63.56,67.84,63
S0651,Joanna Hawkins,10,90.65,90.91,76.2,83.3,84.13,73
S0652,Jason Owens,3,69.3,78.84,65.04,87.35,69.75,74
S0653,Jonathan Quinn,4,73.35,84.74,68.09,89.54,78.19,70
S0654,Brandon Gonzalez,3,73.48,62.33,61.01,65.24,60.04,79
S0655,Ruth Ford,8,70.99,66.01,56.46,64.29,68.69,59
S0656,Casey Davis,2,90.1,89.28,78.25,73.29,80.51,85
S0657,Martin Henderson,10,58.09,75.39,76.72,73.24,76.56,80
S0658,Michael Welch,4,81.37,90.6,96.18,93.6,84.37,90
S0659,Patricia Carroll,8,70.46,72.04,59.84,67.09,57.43,80
S0660,Charles Clark,5,65.32,62.4,74.04,42.18,62.06,67
S0661,Stephen Robertson,6,79.27,58.37,71.64,68.31,76.25,58
S0662,Jasmine Mckenzie,3,71.44,66.07,50.31,58.36,64.13,66
S0663,Lisa Myers,10,39.89,67.39,53.45,47.07,40.0,68
S0664,Jessica Price,10,69.48,82.4,76.38,84.22,70.42,79
S0665,Douglas Mitchell,2,52.0,51.84,58.85,54.2,57.23,62
S0666,Mario Cruz,3,89.03,84.02,93.52,85.13,95.53,85
S0667,Maria Smith,5,60.57,70.09,63.08,59.21,71.63,58
S0668,Eileen Delgado,2,75.57,57.3,74.2,61.91,72.04,56
S0669,Heather Mckenzie,10,85.77,83.82,78.94,75.08,78.56,96
S0670,Susan Church,1,54.71,68.33,56.64,55.4,51.52,57
S0671,Megan Morgan,5,71.12,76.78,73.39,67.65,71.42,80
S0672,Theresa Alexander,10,83.74,78.97,74.78,71.16,81.12,82
S0673,Alyssa Tucker,7,74.74,87.03,71.9,83.42,78.65,73
S0674,Ryan Oneill,7,79.2,78.78,76.58,75.62,89.67,89
S0675,Kelsey Buchanan,4,78.12,85.29,81.37,77.44,79.07,82
S0676,Stephanie Miller,2,39.98,34.39,51.04,38.45,40.0,42
S0677,Rachel Mcgee,10,63.33,61.87,67.2,53.21,62.08,50
S0678,Amanda Moore,4,81.17,80.98,77.03,80.33,87.94,76
S0679,Lisa Gallegos,2,62.7,64.44,72.17,80.22,67.72,65
S0680,Ashley Ray,5,61.65,68.29,53.95,76.18,60.97,68
S0681,Bobby Anderson,10,62.65,62.68,60.37,49.34,60.67,49
S0682,Jacob Stark,2,75.71,73.85,67.59,59.67,73.23,70
S0683,Tracy Watts,10,53.06,46.6,56.42,38.03,40.0,54
S0684,Jason Lewis,1,59.39,65.09,94.96,70.47,75.58,73
S0685,Tyler Mercer,6,47.73,46.97,45.9,48.18,48.5,44
S0686,Brian Serrano,9,61.25,41.76,40.96,63.27,54.25,40
S0687,Daniel Todd,7,50.38,53.94,43.28,50.13,52.71,62
S0688,Ann Sanchez,6,71.86,50.49,71.08,59.37,65.36,58
S0689,Hector James,2,76.21,88.22,80.97,81.94,80.63,76
S0690,Amanda Grant,9,69.36,71.79,70.54,76.24,76.25,60
S0691,Christopher Michael,6,69.2,83.39,83.65,63.4,75.66,78
S0692,Laura Cunningham,1,73.22,57.18,55.96,63.02,66.28,55
S0693,Jaclyn Hernandez,7,85.91,64.24,77.43,77.17,79.02,44
S0694,Michael Parker,8,99.74,96.68,100.0,100.0,100.0,107
S0695,Mark Huber,2,70.17,67.5,64.7,65.81,60.51,65
S0696,Katie Thomas,7,54.68,52.86,54.33,48.98,68.38,67
S0697,Lisa Ellis,6,59.42,52.69,49.44,46.83,54.89,44
S0698,Curtis Gillespie,8,87.63,90.67,72.86,83.48,87.03,77
S0699,Wendy Pierce,3,75.16,64.1,67.37,55.71,60.46,60
S0700,Anthony Reilly DDS,7,60.25,68.68,55.25,59.8,64.37,68
S0701,Catherine Norris,3,57.94,57.86,63.1,71.24,66.51,55
S0702,Christopher Gregory,9,60.61,51.88,54.32,69.07,62.68,54
S0703,John Wallace,5,58.97,65.78,54.28,68.09,67.79,76
S0704,Larry Little,10,77.75,84.37,76.63,69.04,75.14,82
S0705,Brooke Webb,9,55.95,65.87,39.56,69.37,62.63,48
S0706,Kelsey Valdez,8,75.46,85.27,83.3,64.23,80.56,82
S0707,Erica Cunningham,8,65.0,84.81,79.15,64.91,66.8,78
S0708,Shawn Tanner,7,76.27,84.37,80.66,82.1,82.19,68
S0709,Donna Lee,10,76.52,67.63,72.07,65.49,65.83,68
S0710,Kristina Craig,5,67.84,71.2,65.57,82.04,69.48,82
S0711,Michael Anderson,6,84.64,77.22,68.6,73.51,69.68,86
S0712,Mallory Gonzalez,4,74.28,53.39,61.57,78.25,68.11,56
S0713,Tony Young,2,88.73,73.88,76.2,77.19,91.54,54
S0714,Sean Hernandez,5,75.91,81.37,71.57,76.44,79.85,107
S0715,Marcus Hogan,8,71.3,74.69,74.45,63.72,69.77,81
S0716,Brittany Brown,4,65.65,61.16,51.38,56.13,67.05,63
S0717,Molly Walker,8,68.19,70.7,65.99,53.25,75.49,69
S0718,Dean Weiss,10,73.52,68.1,72.49,61.19,80.83,57
S0719,Christopher Carter,10,56.16,69.98,59.8,49.79,65.52,72
S0720,Michelle Edwards,7,81.11,94.54,92.87,69.89,93.28,97
S0721,Michael Smith,6,61.45,73.63,68.49,81.62,75.64,50
S0722,April Parker,1,78.75,68.29,75.61,72.59,75.83,69
S0723,Mark Morris,8,48.86,63.51,57.99,56.73,54.26,57
S0724,Valerie Smith,6,77.79,69.74,86.42,78.83,78.3,94
S0725,James Jackson,3,72.11,60.36,68.04,74.67,60.89,66
S0726,Maurice Thomas,8,71.34,79.31,73.68,82.83,71.25,77
S0727,Carol Ortiz,4,62.29,78.5,89.44,70.71,77.34,84
S0728,Alejandro Arellano,6,48.3,57.22,51.73,76.5,56.45,51
S0729,Deanna Yates,5,69.92,72.76,79.44,87.12,78.96,78
S0730,Jillian Ayers,6,73.98,72.39,62.54,71.15,64.79,68
S0731,Michael Coffey,5,85.51,64.87,53.96,64.12,70.78,76
S0732,Jesus Jones,10,51.45,70.64,53.06,60.62,57.19,61
S0733,Christopher Daniels,5,71.42,74.7,76.78,78.09,75.4,80
S0734,Gina Carlson,9,81.58,82.07,65.78,78.84,79.6,81
S0735,Heather Johnson,1,57.8,58.48,67.37,71.35,61.04,72
S0736,Richard Curry,9,70.24,69.54,77.21,73.84,83.91,64
S0737,Lisa Smith,4,70.95,68.23,75.09,76.28,86.96,69
S0738,James Davis,2,60.88,42.1,57.96,58.83,59.02,59
S0739,Mary Lee,4,63.76,58.84,55.94,67.44,54.94,53
S0740,Meredith Griffin,7,64.45,74.46,49.64,45.22,58.78,62
S0741,Paul Aguilar,8,68.62,70.58,75.13,80.51,63.34,69
S0742,Randy Baker,9,64.79,85.99,67.05,71.81,74.84,70
S0743,Amber Morris,4,48.11,59.77,48.84,44.76,55.16,50
S0744,Brooke Mclaughlin,8,66.09,71.06,83.95,71.52,78.68,72
S0745,Jason Lawrence,8,60.24,60.6,51.11,58.34,59.66,59
S0746,Elizabeth Little,8,77.37,70.99,70.93,65.45,80.7,71
S0747,Matthew Buchanan,1,60.32,91.24,59.16,64.32,70.64,81
S0748,Derrick Garcia,2,94.04,83.63,71.13,77.52,83.95,98
S0749,Angel Nicholson,5,65.64,57.46,62.72,55.21,56.57,67
S0750,Gwendolyn Cervantes,4,84.32,76.44,71.75,64.07,79.25,78
S0751,Haley Phillips,7,56.03,56.61,48.48,53.8,48.17,48
S0752,Gary Herrera,4,49.6,78.79,72.63,56.38,65.37,79
S0753,Shannon Valentine,5,75.36,90.65,77.53,71.22,82.52,96
S0754,Hannah Henry,10,86.28,100.0,92.6,100.0,86.68,83
S0755,James Gay,6,62.87,57.11,67.51,70.46,67.11,78
S0756,Seth Hammond,8,64.42,85.07,69.32,81.44,82.08,81
S0757,Katie Rush,9,47.69,65.62,53.69,55.68,59.06,66
S0758,Cheryl Perez,9,71.12,70.29,79.65,77.22,72.98,85
S0759,Roberto Gray,6,61.9,62.64,60.88,66.53,68.92,53
S0760,Mark Caldwell,7,66.63,69.8,59.8,70.12,65.45,70
S0761,Donald Olson,9,62.65,80.91,73.92,73.82,72.22,72
S0762,Cory Nelson,6,75.98,58.2,67.87,70.14,69.62,74
S0763,Gina Hobbs,6,58.3,58.18,55.87,59.51,61.76,46
S0764,Matthew Jennings,8,60.66,69.79,71.64,87.68,69.72,48
S0765,Michael Higgins,5,50.28,54.92,53.01,51.35,58.15,48
S0766,Charles Mcknight,5,65.89,71.71,64.49,76.75,68.94,69
S0767,Edward Hudson,5,63.2,69.1,58.64,81.52,65.68,58
S0768,James Mcdaniel,4,75.95,76.88,77.12,85.35,80.51,84
S0769,Heather Martinez,2,77.72,100.0,91.26,91.03,86.24,86
S0770,Linda Bailey,4,93.58,87.03,97.65,74.75,82.54,70
S0771,Troy Raymond,6,64.3,63.83,64.2,51.72,65.66,66
S0772,Jaime Stone,2,62.19,79.82,67.83,74.15,73.07,74
S0773,Joshua Garza,9,61.53,49.23,70.69,59.84,66.0,54
S0774,Marvin Carroll,3,58.65,71.77,59.09,69.92,62.38,45
S0775,Bruce Davis,4,54.86,64.57,54.77,71.7,60.18,57
S0776,Michael Fisher,4,84.27,76.4,70.39,62.37,71.02,67
S0777,Kimberly Bailey,8,68.31,76.57,66.17,70.61,76.22,74
S0778,Austin Neal,5,64.58,64.33,62.59,65.07,67.9,61
S0779,Randall Peterson,10,70.65,59.06,45.25,52.97,58.42,69
S0780,Mr. Jacob Rivera MD,9,66.73,70.11,53.89,56.7,57.18,59
S0781,Daniel James,10,74.91,78.36,63.65,53.9,68.65,73
S0782,Sean Marsh,5,69.88,73.49,84.62,75.55,73.73,74
S0783,Jenna Holmes,2,81.4,66.84,68.14,64.44,76.55,87
S0784,Michael Compton,4,75.17,74.8,55.43,80.47,71.87,69
S0785,Sarah Kim,5,59.81,59.6,71.06,59.86,72.99,69
S0786,Joseph Robinson,4,56.21,52.03,39.69,70.04,57.32,51
S0787,Teresa Alvarado,6,60.6,67.79,78.39,63.24,54.71,70
S0788,Crystal Baker,3,69.67,74.41,73.68,70.65,78.03,58
S0789,Mr. John Ochoa,5,80.06,65.13,63.02,69.08,66.56,71
S0790,Melissa Martinez,1,57.0,58.96,72.8,63.96,61.94,64
S0791,John Lopez,9,76.93,93.44,84.6,81.64,96.42,78
S0792,Shannon Stafford,3,56.6,74.08,79.98,79.82,77.58,75
S0793,Hannah Chen,5,52.98,82.63,70.1,62.41,73.2,66
S0794,Alicia Cooper,1,72.69,79.18,73.56,62.46,72.86,86
S0795,Terri Obrien,1,75.91,61.34,69.5,64.71,72.16,65
S0796,Laura Ramirez,9,85.6,82.43,79.09,68.92,79.83,75
S0797,Christian Anderson,5,63.56,58.72,50.9,61.21,59.68,41
S0798,James Jefferson,3,85.36,78.34,83.31,73.29,86.51,73
S0799,Cynthia Davis,8,41.64,73.05,75.88,59.13,60.28,66
S0800,Timothy Ferguson,2,82.83,59.88,77.1,71.61,73.98,73
S0801,Cory Jackson,1,67.29,66.41,75.88,71.47,71.16,58
S0802,John Baird,10,73.4,66.52,71.49,80.35,77.78,69
S0803,John Greene,5,44.46,63.54,62.28,68.01,57.63,59
S0804,Sarah Collins,8,44.69,56.02,65.93,51.43,55.82,70
S0805,Kevin Smith,8,64.83,55.97,68.81,63.1,64.75,54
S0806,Walter Perkins,8,93.75,69.01,74.35,78.92,83.68,66
S0807,Deborah Morales,6,52.54,47.75,30.0,36.81,50.4,53
S0808,Kristen Shepard,3,77.98,80.05,78.34,88.41,76.29,71
S0809,Joseph Holloway,1,79.75,91.13,74.73,79.66,76.71,83
S0810,Eric Jones,5,51.31,43.72,60.77,60.95,45.05,65
S0811,Bradley Thomas,8,95.34,89.85,100.0,84.42,93.05,96
S0812,Andrea Allen,2,86.33,79.46,75.84,80.72,75.83,78
S0813,Linda Castillo,2,52.41,74.4,60.38,54.21,59.42,68
S0814,Andrea Campbell,7,55.19,44.16,66.22,56.73,53.5,47
S0815,Edward Allen,8,73.85,68.75,67.21,69.42,67.01,64
S0816,Julie White,2,56.93,51.53,42.95,64.33,54.0,36
S0817,Jean Morrison,10,81.75,81.72,75.16,82.17,78.87,84
S0818,Curtis Hill,1,47.48,64.73,44.81,46.12,48.61,42
S0819,Jessica Davis,3,46.07,49.0,47.5,46.76,47.51,58
S0820,Michael Mitchell,3,63.5,65.85,72.73,79.39,66.43,70
S0821,Bonnie Browning,10,65.44,73.55,61.66,59.23,67.11,63
S0822,Diana Wyatt,5,71.88,64.21,71.66,62.16,74.92,54
S0823,Courtney Hale,2,59.7,72.61,65.39,63.89,69.45,69
S0824,Joshua Barrera,4,67.32,63.93,76.02,72.62,72.84,69
S0825,Rebekah Edwards,2,59.06,87.16,70.74,77.63,68.54,82
S0826,David Chandler,9,60.59,54.12,57.21,62.56,52.36,48
S0827,James Brown,7,91.36,73.47,79.3,73.72,90.06,58
S0828,Shawn Ramirez,10,57.94,50.89,73.33,72.06,61.43,61
S0829,Dr. Lisa Davis MD,10,98.92,100.0,95.79,100.0,97.43,93
S0830,Elizabeth Robbins,10,97.61,89.28,69.76,85.3,99.62,77
S0831,Roberto George,4,92.57,82.78,74.3,61.55,82.77,70
S0832,Jennifer Wagner,9,61.76,69.64,72.03,73.91,63.15,82
S0833,Megan Randall,7,50.64,63.16,64.31,65.32,66.93,61
S0834,Claire Thompson,8,59.98,75.37,70.28,65.44,57.97,87
S0835,Keith Singh,8,52.99,60.59,48.15,45.78,41.62,61
S0836,Jacqueline Gould MD,5,87.97,56.59,57.18,60.02,68.05,52
S0837,Diana Baker,10,68.29,65.07,61.74,58.33,61.27,60
S0838,Christopher Williams,7,73.63,73.51,61.01,49.33,62.75,61
S0839,Christopher Kim,5,57.85,58.2,60.34,58.34,59.7,62
S0840,Samantha Wiggins,10,71.06,53.05,47.95,63.94,55.27,53
S0841,Richard Petersen,10,57.1,51.34,33.96,34.13,53.64,35
S0842,Christopher Williams,1,43.53,58.85,59.84,67.38,49.21,44
S0843,Kristin Foster,10,82.56,61.94,83.16,74.81,81.47,71
S0844,Samuel Hall,2,43.56,53.26,37.63,41.67,43.24,20
S0845,Marie Bishop,4,79.5,90.76,86.02,96.77,89.43,86
S0846,Amanda Smith,4,67.45,46.08,66.23,52.27,65.03,57
S0847,Shannon Turner,5,77.1,62.42,69.56,81.82,73.32,77
S0848,James Jordan,2,66.3,67.66,74.86,55.52,74.99,75
S0849,Christina Cruz,3,69.63,92.23,100.0,71.7,87.14,96
S0850,Jimmy Williams,4,58.5,61.22,49.75,63.88,49.74,40
S0851,Mr. Robert Casey,3,71.57,65.63,77.84,75.61,76.75,70
S0852,Jaime Blackwell,9,72.46,92.46,69.53,92.87,80.98,67
S0853,Alan Lee,2,84.69,90.49,93.47,86.38,85.71,101
S0854,Curtis Schneider,3,75.49,52.78,73.58,64.9,75.48,69
S0855,Donna Douglas,1,76.29,64.41,85.38,88.33,79.97,90
S0856,Elizabeth Diaz,7,57.93,64.64,67.79,61.16,65.41,69
S0857,James Flores,8,64.17,66.93,61.39,69.24,59.09,68
S0858,Mr. Travis Moore,10,49.38,53.25,50.76,53.91,50.53,60
S0859,Tyler Evans,8,54.1,75.91,60.09,66.32,65.73,69
S0860,Jeffrey Tanner,5,84.77,74.05,98.37,82.5,84.3,95
S0861,Carolyn Guzman,1,75.69,92.43,70.29,69.95,77.96,92
S0862,Tony Rodriguez,4,39.21,50.24,41.86,51.54,47.61,37
S0863,Anthony Werner,5,56.29,62.63,42.17,62.29,59.63,61
S0864,Robert Castillo,5,99.8,79.34,83.06,78.85,86.32,96
S0865,Rita Hamilton,8,49.66,67.57,64.71,53.64,62.97,69
S0866,Brittney Young MD,2,85.6,93.21,100.0,89.79,92.19,103
S0867,James Perez,4,85.45,67.79,64.16,59.66,76.04,74
S0868,Evan Davis,5,69.64,52.96,66.51,68.65,73.02,52
S0869,Jon Lee,10,50.05,46.52,67.91,69.61,59.15,69
S0870,Michelle Jarvis,4,70.58,68.68,68.86,58.96,68.67,68
S0871,Paul Ross,7,78.2,76.15,70.48,78.03,79.42,61
S0872,Gabrielle Edwards,2,72.74,65.13,66.17,72.72,63.52,69
S0873,Gerald Johnson,9,69.55,79.75,54.16,65.32,63.77,77
S0874,Jessica Young,4,61.19,50.36,55.69,49.1,58.8,44
S0875,Denise Davis,3,72.77,74.6,76.7,69.43,74.59,90
S0876,Jonathan Contreras,5,71.59,74.2,55.69,50.58,65.58,59
S0877,Lisa Alvarez,3,88.96,82.27,79.51,97.41,83.76,81
S0878,John Pham,2,75.68,79.19,79.43,85.02,82.32,77
S0879,Matthew Whitehead,1,67.66,58.82,72.7,85.77,65.91,58
S0880,Rachel Madden,3,67.09,64.88,60.02,53.95,62.6,46
S0881,Ricardo Lamb,5,78.41,61.42,59.17,84.07,67.43,71
S0882,Justin Thompson,10,67.16,71.97,61.39,69.52,65.48,53
S0883,Barbara Guerra,10,71.27,72.12,63.69,86.11,76.94,77
S0884,Sara Nguyen,5,53.11,82.57,66.46,60.96,67.47,86
S0885,Deanna Smith,8,80.0,78.43,61.16,64.38,76.56,42
S0886,James Blair,2,57.06,64.69,66.11,65.64,60.19,54
S0887,Tara Higgins,8,100.0,83.62,100.0,89.72,94.5,91
S0888,Krystal Green,5,71.27,64.41,59.59,52.97,58.51,45
S0889,Paige Cruz,7,60.55,68.0,81.08,79.72,71.22,73
S0890,Annette Thomas,5,92.96,86.18,77.39,91.95,91.32,75
S0891,Trevor Schmidt,9,70.0,71.44,53.01,71.14,71.19,55
S0892,Madeline Kane,9,64.48,73.41,68.79,63.01,74.16,80
S0893,Chris Smith,8,67.93,68.25,69.09,50.4,69.83,62
S0894,Kevin Lloyd,8,87.52,68.84,63.33,48.78,76.0,52
S0895,Kimberly Cross,2,57.31,71.3,66.15,58.7,64.84,62
S0896,Diana Martinez,10,71.98,79.15,79.13,75.35,74.42,86
S0897,Shawn Norman,1,60.43,65.85,69.76,76.36,66.38,55
S0898,Rebecca Brown,7,71.48,72.05,77.93,78.72,71.71,68
S0899,Tina Myers,6,65.19,71.19,57.08,57.67,70.49,69
S0900,Richard Hall,10,64.84,79.79,66.93,65.29,67.46,67
S0901,Thomas Graham,5,56.26,75.45,76.81,52.21,70.28,68
S0902,Maria Fletcher,1,78.02,78.8,77.09,88.27,73.83,84
S0903,Jonathan Williams,2,86.74,99.61,76.78,88.67,87.33,100
S0904,Amanda Murphy,4,66.82,80.37,65.99,58.62,65.78,79
S0905,Rose Johnson,10,84.81,94.47,73.05,80.37,81.96,82
S0906,Kelli Gomez,10,76.37,67.28,71.95,70.48,67.19,68
S0907,Megan Johnson,1,67.24,68.82,69.17,65.11,74.05,57
S0908,Brandon Hayden,5,85.03,54.49,51.96,68.67,55.47,50
S0909,Garrett Payne,10,79.1,75.6,79.46,98.65,87.85,72
S0910,Samantha Hatfield,1,87.95,91.13,74.86,58.42,75.46,78
S0911,Andrew Wolf,3,65.91,76.36,77.61,66.04,76.96,80
S0912,Susan Evans,8,77.9,71.22,87.11,59.14,72.2,77
S0913,Joseph Allen,9,84.54,74.2,63.02,81.13,79.67,49
S0914,Sandra Gardner,8,57.24,64.64,62.74,76.44,64.89,50
S0915,Michael Rios,5,67.33,81.44,72.29,75.88,76.33,82
S0916,Sarah Henderson,3,82.71,85.82,79.87,84.83,85.4,81
S0917,Tracy Williams,10,54.61,54.88,46.52,41.69,57.45,55
S0918,Katherine Mitchell,7,58.61,61.13,78.13,68.81,63.41,74
S0919,Jose Copeland,8,73.86,72.68,58.12,56.83,53.13,50
S0920,Kevin Holland,2,57.69,54.0,45.84,54.36,55.66,55
S0921,Jack Watkins,8,49.98,39.94,58.22,57.28,46.5,41
S0922,Mary Ryan,6,47.36,68.08,63.2,73.15,56.17,59
S0923,Nathaniel Torres,7,46.9,45.48,62.9,49.35,51.66,50
S0924,David Flores,6,55.96,62.1,47.64,63.78,52.73,50
S0925,Lee Hurst,6,70.0,75.61,72.79,76.34,61.46,55
S0926,Stephanie Mckinney,2,84.46,68.88,74.21,78.52,80.28,51
S0927,Tammy Hernandez DVM,3,58.48,66.76,81.13,59.32,59.34,77
S0928,Mrs. Deborah Cohen,6,84.07,75.96,90.87,88.52,79.5,87
S0929,James Huang,7,89.43,79.44,77.11,89.79,77.87,82
S0930,Deborah Hill,8,64.82,54.24,66.45,60.23,55.55,74
S0931,Eugene Ross,5,92.57,79.42,83.06,86.68,82.21,98
S0932,Jeremy Wright,7,49.82,74.16,68.66,70.84,62.97,79
S0933,Amanda Hernandez,9,83.46,78.48,80.87,81.35,77.13,85
S0934,Deborah Tate,1,86.92,84.64,69.12,81.16,75.99,83
S0935,Dale Stephenson,8,56.65,67.07,43.44,50.83,53.9,56
S0936,Miss Lisa West PhD,2,53.67,59.76,69.44,70.96,62.51,76
S0937,Beth Chambers,6,67.99,71.73,62.75,73.11,74.2,74
S0938,Stephanie Simon,5,81.6,94.79,82.47,95.79,87.84,95
S0939,Pedro Nelson,6,83.2,86.5,95.06,83.69,80.48,112
S0940,Jeffrey Poole,2,66.57,74.55,60.43,57.24,66.43,49
S0941,Joshua Peterson,7,69.08,64.96,54.77,79.87,67.15,74
S0942,Daniel Robertson,9,60.36,69.55,65.67,57.98,70.86,61
S0943,William Dixon,1,62.22,47.56,46.73,37.47,58.44,34
S0944,Adam Jones,9,77.89,73.96,70.11,56.97,66.73,73
S0945,Kenneth Howard,8,63.76,67.58,69.83,52.32,74.93,76
S0946,Yvonne Young,7,78.7,88.91,58.47,68.18,62.2,75
S0947,Gregory Carroll,1,73.34,68.42,57.26,76.64,76.03,56
S0948,Carlos Weeks,4,61.86,78.06,71.25,68.3,65.74,70
S0949,Travis Franklin,9,63.33,70.65,73.49,65.03,77.02,63
S0950,Rebecca Kirk,6,55.48,77.69,67.73,55.81,69.69,74
S0951,Erin Clark,10,69.82,66.58,75.27,68.21,79.13,58
S0952,Sandra Zimmerman,8,84.47,87.75,92.03,80.32,90.67,62
S0953,Rachel Rasmussen,8,55.41,52.77,61.08,65.89,61.78,59
S0954,Carol Alexander,1,66.3,64.34,70.83,69.56,67.74,58
S0955,Amanda Lyons,4,59.07,60.95,65.61,69.19,62.95,63
S0956,Mark Vasquez,5,67.31,64.03,57.39,65.87,66.09,53
S0957,Carl Dudley,9,71.35,71.79,58.99,75.6,74.86,54
S0958,Brooke Sanchez,3,71.29,60.59,44.0,50.56,56.4,40
S0959,Christian Baker,5,66.12,77.56,63.54,74.45,77.15,84
S0960,Molly Obrien,8,57.14,76.53,81.23,72.2,79.75,87
S0961,Alexander Matthews,8,84.37,78.35,55.74,71.69,79.16,58
S0962,Janet Simmons,2,59.41,82.04,81.22,60.69,71.51,74
S0963,Gary Butler,1,80.23,82.64,78.8,99.63,79.22,63
S0964,Adam Delgado,10,53.53,54.13,58.06,58.69,51.07,61
S0965,Veronica Reid,4,63.5,72.09,58.81,62.82,66.17,46
S0966,Rachael Ortega,3,48.92,50.09,62.66,47.42,56.45,54
S0967,Jasmine Fuller,5,86.31,55.98,76.28,90.06,78.38,82
S0968,James Molina,9,63.45,63.98,45.97,54.36,51.91,63
S0969,Michael Hendricks,1,81.31,85.31,77.41,88.34,82.79,81
S0970,Terri Briggs,9,72.82,63.97,75.16,58.29,62.79,76
S0971,George Garrison,7,65.48,76.24,64.26,67.51,75.27,85
S0972,Alexis Carr,2,83.47,95.57,78.13,78.47,72.41,103
S0973,Scott Sanchez,4,60.35,54.08,66.92,58.36,53.5,64
S0974,Michael English,2,48.96,38.81,44.27,57.09,40.0,26
S0975,Shawn Green,8,65.63,85.91,84.65,63.03,77.72,92
S0976,Austin Weaver,2,52.06,63.93,62.64,60.54,61.58,55
S0977,Connie Golden,3,59.35,61.57,49.07,65.9,49.79,49
S0978,Amy Baldwin,8,62.33,62.9,82.39,60.61,79.35,77
S0979,Alicia Lee,5,74.73,91.16,62.97,61.96,69.57,77
S0980,Mary Allen,9,52.92,66.29,53.95,50.4,52.93,69
S0981,Ellen Carter,5,76.51,77.21,63.8,61.65,75.69,81
S0982,Brad Ross,7,57.73,51.36,65.21,67.27,53.17,53
S0983,Frank Bishop,8,49.34,60.94,50.66,54.12,45.39,57
S0984,Lisa Williams,8,63.73,68.05,71.0,63.04,59.11,87
S0985,Kim Green,4,62.89,71.75,91.9,53.71,72.77,74
S0986,Marie Flores,8,58.85,55.61,64.28,52.82,62.92,60
S0987,Mary Ellis,9,70.49,71.29,76.52,64.91,69.29,65
S0988,David Johnson,3,44.22,71.81,55.6,70.4,64.54,50
S0989,Daniel Cameron,7,79.6,73.12,58.86,61.17,65.96,70
S0990,Edward Turner,4,46.57,52.26,63.0,53.78,53.2,46
S0991,Roger Foster,10,69.0,64.16,62.1,69.21,68.51,77
S0992,Jennifer Curry,9,61.96,54.99,61.97,73.12,68.95,68
S0993,Jennifer Martin,3,60.72,37.35,59.24,49.12,55.7,34
S0994,Monica Copeland,2,69.99,76.36,73.73,67.68,72.53,93
S0995,Madison Forbes,5,97.45,100.0,98.53,100.0,97.15,101
S0996,Lisa Travis,7,70.75,74.75,74.91,81.99,69.71,74
S0997,Michelle Lee,6,98.43,99.91,89.32,91.69,100.0,110
S0998,Jerry Small,9,39.96,60.96,48.27,45.11,42.05,49
S0999,Kristen Johnson,5,72.71,55.8,55.51,60.68,66.59,65
S1000,Andre Barajas,1,75.69,78.35,86.89,76.52,79.3,86
